,,"Name (click to view profile)",Date,Likes,isHearted,isPinned,Comment,"Profile ID","Comment ID","Comment URL"
1,,"Meryem Delal Okçu","2020-12-31 10:55:21",16,no,no,"Olum izleyince gözlerim doldu :)",UCDKdUa7CnmzYEMCq7yrhdAA,Ugw1B_-jH2lxhz4UU_R4AaABAg,https://www.youtube.com/watch?v=Sjo5ue9ZTuw&lc=Ugw1B_-jH2lxhz4UU_R4AaABAg
2,,"Azra Aybars","2020-12-31 12:45:01",3,no,no,🦋🌎🌊🔥🎹💙🎧💙🎹🔥🌊🌍🦋,UCO9gM3IHFB7gLxvDqLqn4GQ,UgwMIAJZ_feTIhHVTbN4AaABAg,https://www.youtube.com/watch?v=Sjo5ue9ZTuw&lc=UgwMIAJZ_feTIhHVTbN4AaABAg
3,,"Azra Aybars","2020-12-31 12:48:12",21,no,no,"🦋🇹🇷🌎🌊🎹💙🎧💙🎹🌊🌍🇩🇪🦋


DANKE 🙏💕",UCO9gM3IHFB7gLxvDqLqn4GQ,Ugy8O4nbs0nATtZh47Z4AaABAg,https://www.youtube.com/watch?v=Sjo5ue9ZTuw&lc=Ugy8O4nbs0nATtZh47Z4AaABAg
4,,irem,"2020-12-31 16:47:33",4,no,no,"İts really beautiful I m from turkey and I love it♥️",UC1i1ETuo9x-1NdLzkCDx_-w,UgxY7zdBUi6hB0GCS554AaABAg,https://www.youtube.com/watch?v=Sjo5ue9ZTuw&lc=UgxY7zdBUi6hB0GCS554AaABAg
5,,Tuana,"2020-12-31 17:56:01",4,no,no,"Brauche von dem Jungen Herren 0:13 sein insta für ein Schulprojekt natürlich 🧚🏻",UC260mvVvHxlZs-EBbRfeEsA,UgzmwjbgrPuUKBZ4G594AaABAg,https://www.youtube.com/watch?v=Sjo5ue9ZTuw&lc=UgzmwjbgrPuUKBZ4G594AaABAg
6,,"bcompany kream","2020-12-31 19:53:54",15,no,no,"Türk milleti budur 
İM TURKİSH ❤️🇹🇷🇹🇷🇹🇷🇹🇷🇹🇷🇹🇷🇹🇷🇹🇷🇹🇷🇹🇷🇹🇷🇹🇷🇹🇷🇹🇷",UCIT9b-W-hutwJ10jXrn42IQ,UgyOzVX9q7vcEAU7Euh4AaABAg,https://www.youtube.com/watch?v=Sjo5ue9ZTuw&lc=UgyOzVX9q7vcEAU7Euh4AaABAg
7,,"Arnol Reyes Segura","2021-01-01 00:18:36",1,no,no,"Just beautiful 😢😢😭❤❤",UCzNvyT4GncOp7i-v4BMXCpQ,Ugx8FAVceXfshdeLFwp4AaABAg,https://www.youtube.com/watch?v=Sjo5ue9ZTuw&lc=Ugx8FAVceXfshdeLFwp4AaABAg
8,,"Yalniz Kurt","2021-01-01 02:17:22",3,no,no,"7594 Menschen die den Sinn des Videos und die Message die darin enthalten ist nicht verstanden haben. Echt traurig!",UC-WU5veEXmANljo8saC60jg,UgzCh0ZYi9psXcWk1Dl4AaABAg,https://www.youtube.com/watch?v=Sjo5ue9ZTuw&lc=UgzCh0ZYi9psXcWk1Dl4AaABAg
9,,"Bärklinn Olsson","2021-01-01 11:23:32",19,no,no,"Edeka ist ziemlich krass👍👍❤️  🇩🇪 🇹🇷",UCEYfiGBHvSM9uKMAfWg7KZw,UgyCYgNxvMfAuGMUplZ4AaABAg,https://www.youtube.com/watch?v=Sjo5ue9ZTuw&lc=UgyCYgNxvMfAuGMUplZ4AaABAg
10,,"Dieter Sturm","2021-01-01 16:28:53",4,no,no,"Was ist nur aus Deutschland geworden?",UCoJULgPSR5ZaBUfDLuzou1g,UgwZeFR45PIr1XM_odt4AaABAg,https://www.youtube.com/watch?v=Sjo5ue9ZTuw&lc=UgwZeFR45PIr1XM_odt4AaABAg
11,,"Berkan BJK","2021-01-01 23:29:54",2,no,no,"Super 👍🏽",UCoHuJIIKRDY3ZY33HW6g_LA,UgyKslEgPZheTF87PCh4AaABAg,https://www.youtube.com/watch?v=Sjo5ue9ZTuw&lc=UgyKslEgPZheTF87PCh4AaABAg
12,,"Herr I.","2021-01-01 23:30:06",3,no,no,"Einfach nur traurig. Natürlich sagen die ganzen Deutschen, dass es sowas nicht gibt, sie haben ja auch nie Rassismus erlebt.",UCJ32hreH6iQb0qlziGxzj3g,UgwQTmLyj3MV6ATSyjV4AaABAg,https://www.youtube.com/watch?v=Sjo5ue9ZTuw&lc=UgwQTmLyj3MV6ATSyjV4AaABAg
13,,"Gamze Rabia","2021-01-02 00:33:06",5,no,no,"Das erste mal dass ich wegen ner Werbung geweint habe... blöde Kommentare hin oder her es hätten auch zwei deutsche sein können wichtig ist dass jeder füreinander da ist in so einer Zeit wie jetzt!!!!",UCRptAGbexofhtIozyQEfErA,UgzczdnR_I3o70KWTOR4AaABAg,https://www.youtube.com/watch?v=Sjo5ue9ZTuw&lc=UgzczdnR_I3o70KWTOR4AaABAg
14,,"Sam Lam","2021-01-02 10:03:36",0,no,no,"Herr Schmidt erinnert mich stark an Herrn Gauland - zumal er den Weihnachtsgruß nicht erwiderte
#nachbarn",UCwrbn45RKTYESq0EI3rTcKA,UgwlHpyYFOG4yX9E6ul4AaABAg,https://www.youtube.com/watch?v=Sjo5ue9ZTuw&lc=UgwlHpyYFOG4yX9E6ul4AaABAg
15,,"Lee Hye-ri #WeLoveYouHanJisung","2021-01-02 10:10:55",9,no,no,"I am from Turkey,and this video is....
Danke ✨",UCOv0PS-GdLnWQxjV183T3OA,Ugz4xKC2Et3R5jOpoDF4AaABAg,https://www.youtube.com/watch?v=Sjo5ue9ZTuw&lc=Ugz4xKC2Et3R5jOpoDF4AaABAg
16,,Julesc08,"2021-01-02 16:48:00",2,no,no,"BONJOUR MADAME MALENON 🤣🤣😌",UCzs1sllAW0Bz2Lp6jDvcFpg,Ugwl_4YTWqMvRbmBmKZ4AaABAg,https://www.youtube.com/watch?v=Sjo5ue9ZTuw&lc=Ugwl_4YTWqMvRbmBmKZ4AaABAg
17,,"DARBELI MATKAP","2021-01-02 19:35:02",0,no,no,"Bro that actually made me cry even though i don't understand, this hate towards us(turks) just shock me.",UC6objT7Ca4gW5alMClggnIw,UgxrLeJHbrgVl5DjWMJ4AaABAg,https://www.youtube.com/watch?v=Sjo5ue9ZTuw&lc=UgxrLeJHbrgVl5DjWMJ4AaABAg
18,,Rüveyda,"2021-01-02 21:16:35",11,no,no,"Thank you for this from TURKEY 💕",UCeFiOeRU81ku7VoHz-67Ofg,UgwdJcd3L05i89n8j0N4AaABAg,https://www.youtube.com/watch?v=Sjo5ue9ZTuw&lc=UgwdJcd3L05i89n8j0N4AaABAg
19,,"Sükran Ozan","2021-01-03 01:10:54",4,no,no,"Danke Edeka❤",UCmfrnkDcEscLkP32KK1g-wg,Ugxp8F-V6rev8vcEN-l4AaABAg,https://www.youtube.com/watch?v=Sjo5ue9ZTuw&lc=Ugxp8F-V6rev8vcEN-l4AaABAg
20,,"M RE","2021-01-03 02:47:55",3,no,no,"Wenn der Herr Schmidt noch von Coşkun vergewaltigt worden wäre, dann wäre dieser Spot definitiv ein Yeşilçam-Film geworden. 🤣👍",UC_fHVtKJ6DtLcnSyb9HvPlQ,Ugw0sGs3m-_Ar5DaZJB4AaABAg,https://www.youtube.com/watch?v=Sjo5ue9ZTuw&lc=Ugw0sGs3m-_Ar5DaZJB4AaABAg
21,,"RTA-Tarık Atmaca","2021-01-03 03:01:39",8,no,no,🇹🇷🇩🇪,UC2c9dYowuKMb7-1-Y_EAnpQ,UgzhkRzq-iKco1zx5BV4AaABAg,https://www.youtube.com/watch?v=Sjo5ue9ZTuw&lc=UgzhkRzq-iKco1zx5BV4AaABAg
22,,"Safak Ozgun","2021-01-03 06:51:19",2,no,no,"Thank you for this ad 🇩🇪 🇹🇷",UCa38d9S1_-2qE_H00f4aRRA,UgzJGFSeK3SnbbH3yUh4AaABAg,https://www.youtube.com/watch?v=Sjo5ue9ZTuw&lc=UgzJGFSeK3SnbbH3yUh4AaABAg
23,,"Draco Malfoy","2021-01-03 10:00:17",1,no,no,"0:12 what's his name does anyone know?",UCYCCljtIzydTEGxpHD1J-9g,Ugz5xcWGw3ZS5sm38l14AaABAg,https://www.youtube.com/watch?v=Sjo5ue9ZTuw&lc=Ugz5xcWGw3ZS5sm38l14AaABAg
24,,"Berkay Akdeniz","2021-01-03 11:00:29",7,no,no,🇹🇷🇩🇪,UCHtSvFvRMYgsd4jICaNCXnA,Ugx9oXQPUjFoOkAbXfh4AaABAg,https://www.youtube.com/watch?v=Sjo5ue9ZTuw&lc=Ugx9oXQPUjFoOkAbXfh4AaABAg
25,,"sude uzumaki","2021-01-03 11:49:46",13,no,no,"Germans are really nice people. I am Turkish and I wanna go to a country where there is no racism. Germany must be a good country for this. thanks i love you 😌💖 (but german is very hard lol)",UCSwUTbd0vRgonvH2R2x1ICw,UgwdAwIla36EehMR42l4AaABAg,https://www.youtube.com/watch?v=Sjo5ue9ZTuw&lc=UgwdAwIla36EehMR42l4AaABAg
26,,"merym gnydn","2021-01-04 00:30:56",9,no,no,🇹🇷🇩🇪,UCgG5tj6LsUcZ09R-Fx5vr9A,UgzoEmp3oxqNrkd3deZ4AaABAg,https://www.youtube.com/watch?v=Sjo5ue9ZTuw&lc=UgzoEmp3oxqNrkd3deZ4AaABAg
27,,"rayco ceycey","2021-01-04 01:24:45",3,no,no,"Danke EDEKA",UCh6wIRd3lIGGKc_dUhYXviA,Ugwa855Ty6m5OTASBJR4AaABAg,https://www.youtube.com/watch?v=Sjo5ue9ZTuw&lc=Ugwa855Ty6m5OTASBJR4AaABAg
28,,"Mustafa Sofi","2021-01-04 07:40:38",0,no,no,Krass,UCeys5n_3Dl5eCKu5Y7fryOg,UgynSxvNYmLXM4Y4yvp4AaABAg,https://www.youtube.com/watch?v=Sjo5ue9ZTuw&lc=UgynSxvNYmLXM4Y4yvp4AaABAg
29,,"MCK Kamalı","2021-01-04 13:14:48",1,no,no,"👏🏻👏🏻 (🇹🇷🇹🇷🇹🇷)👍🏻🥰
                   🤘🏻",UCSDXumMxYaqkSrqSI2S8j-A,UgxWHMvnedPRczlDY6d4AaABAg,https://www.youtube.com/watch?v=Sjo5ue9ZTuw&lc=UgxWHMvnedPRczlDY6d4AaABAg
30,,"Andi Meier","2021-01-04 17:21:52",2,no,no,"Das für einander da sein, und der Respekt zwischen den Menschen ist die wichtigste Ressource in unserem Land. Das es  jedoch solche Schreiben an Türen gibt und Menschen von den Behörden so oder ähnlich ins Abseits gestellt werden, ist leider auch Realität. Aber unsere Gesellschaft wird es auch ohne die dafür Verantwortlichen schaffen und sich den sozialen Zusammenhalt nicht nehmen lassen.",UCmIEuQAbR7Akx7JUWbq67aw,UgxJ--OCgnwqZlX90FR4AaABAg,https://www.youtube.com/watch?v=Sjo5ue9ZTuw&lc=UgxJ--OCgnwqZlX90FR4AaABAg
31,,"Ilyas Algül","2021-01-04 21:06:20",4,no,no,🇹🇷🇩🇪,UC4N6ychpRCBEm3Q0ttErQdA,Ugw8jCEei697_ukxdIt4AaABAg,https://www.youtube.com/watch?v=Sjo5ue9ZTuw&lc=Ugw8jCEei697_ukxdIt4AaABAg
32,,"ayşem yaprak","2021-01-05 06:05:41",4,no,no,"Thanks for this add",UCVK8kXxTIW6LTOevrPJ_GmA,UgwE5cg0nNgkRtnkX094AaABAg,https://www.youtube.com/watch?v=Sjo5ue9ZTuw&lc=UgwE5cg0nNgkRtnkX094AaABAg
33,,"UNGLAUBLİCH_ 001","2021-01-05 19:16:14",52,no,no,"TÜRK'ün olduğu yerde Huzur vardır,  Merhamet vardır, Cömertlik vardır. .
İnsanlık, dostluk, Paylaşım vardır. ...",UC6v7A9elQUVbzJZew_fo6FQ,UgxAR_ixiAjHVtxJlE14AaABAg,https://www.youtube.com/watch?v=Sjo5ue9ZTuw&lc=UgxAR_ixiAjHVtxJlE14AaABAg
34,,FM7HD,"2021-01-05 20:31:26",15,no,no,"Amazing video 🇩🇪❤️🇹🇷",UC8r7TDexrSKk7RWf_PjYpMQ,UgyI8pSu5nJUDxiAOKh4AaABAg,https://www.youtube.com/watch?v=Sjo5ue9ZTuw&lc=UgyI8pSu5nJUDxiAOKh4AaABAg
35,,"Salman Ekinci","2021-01-06 12:37:07",5,no,no,😥🇩🇪🇹🇷❤❤❤❤,UCM4H2CFGAzIl13AL-BkqvkA,UgxCGt9sS7Bnm_ChdOh4AaABAg,https://www.youtube.com/watch?v=Sjo5ue9ZTuw&lc=UgxCGt9sS7Bnm_ChdOh4AaABAg
36,,"Ugi mann","2021-01-06 13:22:19",3,no,no,"Grimms Märchen",UCnYtIvvRwBpiuNMobRklXDQ,UgzY2nkEw5RM5ym3-Uh4AaABAg,https://www.youtube.com/watch?v=Sjo5ue9ZTuw&lc=UgzY2nkEw5RM5ym3-Uh4AaABAg
37,,"Yiğit Baykan","2021-01-06 14:55:17",4,no,no,"ich mochte es sehr",UCTjnTGvhRNl-93RV-Ttr0Lg,UgxGisC_1grUJbfGxJ14AaABAg,https://www.youtube.com/watch?v=Sjo5ue9ZTuw&lc=UgxGisC_1grUJbfGxJ14AaABAg
38,,Cheesecake,"2021-01-06 16:26:25",10,no,no,"Wir alle kennen diesen Nachbarn und falls nicht, dann ist man dieser Nachbar.


Schade dass es keine Oscars für Werbung gibt. Edeka hätte etliche..",UCA6v-pdBGJvA7OS22Ofpswg,Ugz9TP0w5EyjparcWZZ4AaABAg,https://www.youtube.com/watch?v=Sjo5ue9ZTuw&lc=Ugz9TP0w5EyjparcWZZ4AaABAg
39,,"N.STELLA BERLIN","2021-01-06 19:37:13",57,no,no,"Edeka hut ab 👍🏼, seit ich sechs bin, war ich immer für meine lieben Deutschen Nachbarn da und heute betreue ich Ehrenamtlich für 8 Senioren... jedesmal wenn ich koche jeden Sonntag und bringe es Ihnen, jedesmal haben Sie alle warme Tränen.. 
Lasst uns einfach in Frieden leben 🙏🏼♥️😍",UCfoYl-mrO_VRoUZNsw9VoXw,UgyQ0IqTAO9dZ2Vg45J4AaABAg,https://www.youtube.com/watch?v=Sjo5ue9ZTuw&lc=UgyQ0IqTAO9dZ2Vg45J4AaABAg
40,,"Themis Thomassin","2021-01-06 20:09:48",78,no,no,"Dieses Video war echt schön! Ich hoffe, alle können lernen sich besser zu vertragen und einander zu akzeptieren in  Zukunft. <3",UClnRGtp8PvU2gBJ4uHfrMYw,UgwBKZQAU2Lz2_uX6TR4AaABAg,https://www.youtube.com/watch?v=Sjo5ue9ZTuw&lc=UgwBKZQAU2Lz2_uX6TR4AaABAg
41,,"Y A","2021-01-06 23:37:19",18,no,no,"Tja herr Schmidt, sie kommen nicht drum rum.
Jetzt essen sie endlich den baklava!",UCDu2IQ9NtQlLldzadT7socA,UgzaIOkERhu1oXzt41R4AaABAg,https://www.youtube.com/watch?v=Sjo5ue9ZTuw&lc=UgzaIOkERhu1oXzt41R4AaABAg
42,,"Tur Key","2021-01-07 06:44:57",0,no,no,"A christmas carol",UCWxxx1GAtRc62O-Brj_Kn8g,UgyUIdhowovEKmVpCHJ4AaABAg,https://www.youtube.com/watch?v=Sjo5ue9ZTuw&lc=UgyUIdhowovEKmVpCHJ4AaABAg
43,,"Tolga Selvi","2021-01-07 08:08:18",2,no,no,🇩🇪🇹🇷💗,UCzGTqYaocpeVMrAUf93VSvw,Ugzn0467ztQDMh2nYdR4AaABAg,https://www.youtube.com/watch?v=Sjo5ue9ZTuw&lc=Ugzn0467ztQDMh2nYdR4AaABAg
44,,"Ben Sen","2021-01-07 09:44:27",4,no,no,"Warum sitzt der alte verbitterte deutsche da alleine unglücklich Rum? Vielleicht weil er 50 Jahre gearbeitet hat und sieht wie sein Land vor die Hunde geht. Sie hätten ihm Mal ein bisschen von den seit Generationen genutzten Sozialleistungen was vor die Tür legen sollen damit seine Rente nicht so beschissen ist. Dann wäre er vielleicht schon gar nicht mehr in Deutschland in seiner kleinen Bude.",UCtKne2RpQPCUUsBqt32g0uw,UgwNXPC07SMdjyPs3e94AaABAg,https://www.youtube.com/watch?v=Sjo5ue9ZTuw&lc=UgwNXPC07SMdjyPs3e94AaABAg
45,,"Jely Krl","2021-01-07 13:55:33",6,no,no,😢❤,UCTqZNHLPlDtV1HuiybzYrkA,UgxpSX0zO36viMbheyJ4AaABAg,https://www.youtube.com/watch?v=Sjo5ue9ZTuw&lc=UgxpSX0zO36viMbheyJ4AaABAg
46,,"Victoria Watson","2021-01-07 16:33:07",3,no,no,"Die Werbung ist sehr schön",UCs45mAIpncYfFH-AjtaeIRw,UgwnMtp40CdoqbPudPN4AaABAg,https://www.youtube.com/watch?v=Sjo5ue9ZTuw&lc=UgwnMtp40CdoqbPudPN4AaABAg
47,,"Ümüt Topbac","2021-01-08 10:17:51",0,no,no,"Aldi mag ich aber auch...",UCmILiGE5BmzRe7d0wmh1vtA,UgxdXvctWA1VEwjjmxV4AaABAg,https://www.youtube.com/watch?v=Sjo5ue9ZTuw&lc=UgxdXvctWA1VEwjjmxV4AaABAg
48,,"HOOMAN CHESTER","2021-01-08 13:47:37",6,no,no,"liebe wird immer gewinnen. weiter so edeka ❤️",UCs3pAuDqAOrzBG_W9HIh44A,UgyJnu5TixBbxRX_vFp4AaABAg,https://www.youtube.com/watch?v=Sjo5ue9ZTuw&lc=UgyJnu5TixBbxRX_vFp4AaABAg
49,,mac,"2021-01-08 16:13:29",6,no,no,"Super Werbung das sind meiner Meinung nach die beste Edeka Werbung der welt",UCLA1YmV8pLkIBZg5zA4K62Q,UgwrWMHg50zFMY9t9f94AaABAg,https://www.youtube.com/watch?v=Sjo5ue9ZTuw&lc=UgwrWMHg50zFMY9t9f94AaABAg
50,,"σɢuz нαn","2021-01-08 16:55:02",8,no,no,"EDEKA💛 steht für Vielfalt und hat sich auch immer sei es Rassismus oder sonst was eingesetzt. Einfach RESPEKT. Genau das macht euch anders!",UC56CiBVIQ0mdzyfheRKVd8Q,UgwTjYojy4px8y9_kLR4AaABAg,https://www.youtube.com/watch?v=Sjo5ue9ZTuw&lc=UgwTjYojy4px8y9_kLR4AaABAg
51,,"Mehmet Can ÇAKIROĞLU","2021-01-08 17:20:54",1,no,no,"Old mans respect and very great thx",UCIQ2fuGFzkS16kfV1bjz5gA,UgyI3vjz-RQHSWg52dJ4AaABAg,https://www.youtube.com/watch?v=Sjo5ue9ZTuw&lc=UgyI3vjz-RQHSWg52dJ4AaABAg
52,,"Hanifi Demirbilek","2021-01-08 17:45:16",0,no,no,"Edeka ist nicht ein Markt, Edeka ist eine großer Familie und dieses Video ist nicht ein Werbung,  Dieses Video ist eine Warnung ⚠️ ⚠️⚠️",UCkndTuXHLcEkSJzq8aW4eng,UgzeY2OSC3z4MQl-SqB4AaABAg,https://www.youtube.com/watch?v=Sjo5ue9ZTuw&lc=UgzeY2OSC3z4MQl-SqB4AaABAg
53,,"Ümit Firat","2021-01-08 18:07:09",9,no,no,"Deutschland❤️Türkei. Danke Edeka❤️.. Mehr davon",UC4htuvpctzezE59XjTQK1YA,UgzmA5aFyGSuSiZheIB4AaABAg,https://www.youtube.com/watch?v=Sjo5ue9ZTuw&lc=UgzmA5aFyGSuSiZheIB4AaABAg
54,,사랑해TAEHYUNG,"2021-01-08 22:34:37",1,no,no,turkei,UCqLIBQBF_KpYtkgqFWTfbLw,UgwwGZk0hYyhFy9FATN4AaABAg,https://www.youtube.com/watch?v=Sjo5ue9ZTuw&lc=UgwwGZk0hYyhFy9FATN4AaABAg
55,,"Marie Curie","2021-01-09 11:15:27",80,no,no,"This is great 🇹🇷🇩🇪 
Greating to Germany from Turkey.",UCIiVOa3_Hkd3T_Po6xdYA8Q,UgxDadnwMAd-9fQPSWN4AaABAg,https://www.youtube.com/watch?v=Sjo5ue9ZTuw&lc=UgxDadnwMAd-9fQPSWN4AaABAg
56,,"Turgay Cosgun","2021-01-09 18:39:14",0,no,no,❤️❤️😍🥰🇹🇷🇹🇷🇹🇷🥰😍❤️❤️,UCVq0l7JoQ_2VQPaXakupS3w,UgxkhqPN4oXQlG_wri14AaABAg,https://www.youtube.com/watch?v=Sjo5ue9ZTuw&lc=UgxkhqPN4oXQlG_wri14AaABAg
57,,"Vato Loco","2021-01-09 20:31:11",4,no,no,"Sehr Stark 💪 hut ab",UCDD5zKS8Jzv4FYn2-_l-UXQ,UgwQ4TLYJAhhH-PU67d4AaABAg,https://www.youtube.com/watch?v=Sjo5ue9ZTuw&lc=UgwQ4TLYJAhhH-PU67d4AaABAg
58,,"De No06","2021-01-10 10:48:45",9,no,no,"Danke EDEKA! Gerade zu solchen Zeiten eine mega Message. Toll gemacht!",UCGZIuTmy5A-TIhtHRvLshZQ,UgweJu7G2BWJ6XxmqW14AaABAg,https://www.youtube.com/watch?v=Sjo5ue9ZTuw&lc=UgweJu7G2BWJ6XxmqW14AaABAg
59,,"Oksijen hırsızı","2021-01-10 11:29:52",0,no,no,"Hayatımda İlk defa kendi isteğimle reklam izliyorum",UC7M4_Bl4Io4lYnOOFgBNzvw,UgyjmCuWj7rz8HVn1WN4AaABAg,https://www.youtube.com/watch?v=Sjo5ue9ZTuw&lc=UgyjmCuWj7rz8HVn1WN4AaABAg
60,,"Büşra Gümüşsoy","2021-01-10 15:45:26",1,no,no,🇹🇷❤️,UC4YASvMVfeqAil56sk77Zcg,UgypAsYYSnQTAQGGvl94AaABAg,https://www.youtube.com/watch?v=Sjo5ue9ZTuw&lc=UgypAsYYSnQTAQGGvl94AaABAg
61,,"Patron Kutusha","2021-01-10 17:00:54",3,no,no,"Mega tolle Message",UCJQytph5b8FMzcQyqeeUVXQ,UgyWuxY32IDIfTEts1p4AaABAg,https://www.youtube.com/watch?v=Sjo5ue9ZTuw&lc=UgyWuxY32IDIfTEts1p4AaABAg
62,,"Yigit Soylu","2021-01-12 22:26:52",1,no,no,😭😭😭👍👍👍👍👍👍👍👍👍,UCrvUMg57sDjdCPP7Pvsmx4A,Ugxls6dQ6mRuXnzhFpd4AaABAg,https://www.youtube.com/watch?v=Sjo5ue9ZTuw&lc=Ugxls6dQ6mRuXnzhFpd4AaABAg
63,,"Walter Withe","2021-01-14 12:47:00",6,no,no,"Immer werden wir Deutschen rassistisch dargestellt. Nicht jeder von uns ist so...",UChr_JvT-sCGba_Z2beMxLgw,Ugxiz61uLfDk1o7nK9p4AaABAg,https://www.youtube.com/watch?v=Sjo5ue9ZTuw&lc=Ugxiz61uLfDk1o7nK9p4AaABAg
64,,"Gxülo Zülfikar","2021-01-15 18:51:31",2,no,no,❤,UCNvgJ_CaRkR8Q7k6xz_eVvg,UgwqBwVlJ4lulJbRppJ4AaABAg,https://www.youtube.com/watch?v=Sjo5ue9ZTuw&lc=UgwqBwVlJ4lulJbRppJ4AaABAg
65,,"M. Nikoo","2021-01-16 10:22:19",2,no,no,"Die Kommentare der beleidigten braunen Gesellschaft beweisen doch wie real dieses Video ist ;)",UCIlHhpKKbdDh39_eaX4QuTg,UgxQ29Q6RLGuYRF4luF4AaABAg,https://www.youtube.com/watch?v=Sjo5ue9ZTuw&lc=UgxQ29Q6RLGuYRF4luF4AaABAg
66,,"Düzceudujdid djjdjdjririr","2021-01-16 13:17:15",1,no,no,"Ist auch wie im echten leben unsere nachberin die ein bisschen älter ist ihr man ist im kranken haus ich wurde sofort von meinen eltern hingeschickt damit ich sage wenn sie was brauchen geben sie bitte bescheid sei es beim Einkauf oder wenn sie irgendwo hingefahren werden müssen. Bei meinem cousin war das so das der mann seiner nachberin gestorben ist und erst ist direkt hin und hat das gleiche gemacht🇹🇷",UCP8I4vQ2Y1QFk-K2-CmtPvA,UgyiEwXfv3ojqOL1e8V4AaABAg,https://www.youtube.com/watch?v=Sjo5ue9ZTuw&lc=UgyiEwXfv3ojqOL1e8V4AaABAg
67,,"Te Es","2021-01-17 01:32:03",2,no,no,"Ob die Clan-Mitglieder sich von dem Spot beeinflussen lassen frage ich mich.",UCIlHTFJNB_8x3HpZsCDMhpQ,UgwdPnW5s0htTQngSCB4AaABAg,https://www.youtube.com/watch?v=Sjo5ue9ZTuw&lc=UgwdPnW5s0htTQngSCB4AaABAg
68,,"Ha llo","2021-01-17 06:09:46",4,no,no,"Schöne Werbung mit Message !",UCn5SdJSkq_sloxLEkVz_zeg,UgwV83MnYQFqI90b4nx4AaABAg,https://www.youtube.com/watch?v=Sjo5ue9ZTuw&lc=UgwV83MnYQFqI90b4nx4AaABAg
69,,Advertisements,"2021-01-17 16:22:10",2,no,no,"Hallo ich bin Turken von Frankreich",UCm8x3MRRqJ3O1VK0zbSpfdg,UgwAHlAbSbOLh7sxoF14AaABAg,https://www.youtube.com/watch?v=Sjo5ue9ZTuw&lc=UgwAHlAbSbOLh7sxoF14AaABAg
70,,Karazıpkalı,"2021-01-17 18:45:30",3,no,no,❤,UCneY4OFGsWULDufxM3FDK6A,UgyeFhhR5_4aN4cVy0Z4AaABAg,https://www.youtube.com/watch?v=Sjo5ue9ZTuw&lc=UgyeFhhR5_4aN4cVy0Z4AaABAg
71,,"Sülo Serezgil","2021-01-19 10:30:13",3,no,no,"Wir können Atome spalten aber unsere Vorurteile nicht. Bitter sehr bitter.....",UCvm_tIFI4aijr_IRjs2Ptiw,UgxmeO4tENTfEgL99Ep4AaABAg,https://www.youtube.com/watch?v=Sjo5ue9ZTuw&lc=UgxmeO4tENTfEgL99Ep4AaABAg
72,,conBON,"2021-01-20 10:19:03",0,no,no,"Song https://youtu.be/V7S_FRvk-3Y",UC92u0W8KIi3vyZdmUJPHodA,Ugwo_xP82lWU1dwTFp14AaABAg,https://www.youtube.com/watch?v=Sjo5ue9ZTuw&lc=Ugwo_xP82lWU1dwTFp14AaABAg
73,,"çin biçme makinesi METE HAN","2021-01-22 21:31:36",11,no,no,"As bayrakları 🇩🇪🇹🇷 💖",UCGrXSeAMy4FH9N_k8pA8PwQ,UgxpdegpQIzhbXA_WsF4AaABAg,https://www.youtube.com/watch?v=Sjo5ue9ZTuw&lc=UgxpdegpQIzhbXA_WsF4AaABAg
74,,"Dr. Seymur Karimli","2021-01-23 11:45:41",2,no,no,"wow 😯 Gänsehaut 👍",UCg_pwMoyC2gzr33Ihvq890w,UgxDnaHfs34cW-DbnTV4AaABAg,https://www.youtube.com/watch?v=Sjo5ue9ZTuw&lc=UgxDnaHfs34cW-DbnTV4AaABAg
75,,ordeR,"2021-01-23 14:05:28",7,no,no,"Greetings from Turkey <3",UCegFmJr3dKs7QEsSx4X7Plg,UgzISw58Gjy__CgOjCF4AaABAg,https://www.youtube.com/watch?v=Sjo5ue9ZTuw&lc=UgzISw58Gjy__CgOjCF4AaABAg
76,,"Ano nym","2021-01-24 03:29:25",1,no,no,"Welche h.s kinder disliken sowas",UCdiN1p45z2WYqQKC96BC7uQ,Ugy_z4s5aokKegMMXxZ4AaABAg,https://www.youtube.com/watch?v=Sjo5ue9ZTuw&lc=Ugy_z4s5aokKegMMXxZ4AaABAg
77,,CptJMorris,"2021-01-25 02:00:26",4,no,no,♥️,UCAAI4QLP2d1CMSb31hz7tyA,UgzaZ0067QyvPGxlSDN4AaABAg,https://www.youtube.com/watch?v=Sjo5ue9ZTuw&lc=UgzaZ0067QyvPGxlSDN4AaABAg
78,,"Vedat 26","2021-01-26 09:48:54",0,no,no,"7000 dislike 
Sehr traurig",UCqggwCWAbndZvEykZYfC7aA,UgwRz0mQ0K1lWlWc8794AaABAg,https://www.youtube.com/watch?v=Sjo5ue9ZTuw&lc=UgwRz0mQ0K1lWlWc8794AaABAg
79,,"julian Rosas","2021-02-01 13:37:45",0,no,no,"no entendi un culo pero piola c:",UCus4WEhRDyqUJ_T5DnDA98A,Ugz_yUXGGyntz0JO7Fp4AaABAg,https://www.youtube.com/watch?v=Sjo5ue9ZTuw&lc=Ugz_yUXGGyntz0JO7Fp4AaABAg
80,,"HUSEYIN YASAR ATILGAN","2021-02-06 07:35:23",1,no,no,"müzik nedir bilen var mı?",UC0Pkc_ZFjJ2x01Z8Qyty2PQ,UgwXv2PvDoiYGCfSW8B4AaABAg,https://www.youtube.com/watch?v=Sjo5ue9ZTuw&lc=UgwXv2PvDoiYGCfSW8B4AaABAg
81,,Adem,"2021-02-23 12:06:48",1,no,no,"vielen vielen lieben Dank Edeka wir sind alle gleich 😊😊",UC_ldsXggHIi_IK0aNmoyC_w,UgwUM2GLGUsAl6XHnXV4AaABAg,https://www.youtube.com/watch?v=Sjo5ue9ZTuw&lc=UgwUM2GLGUsAl6XHnXV4AaABAg
82,,"Türkiye 25","2021-02-24 19:37:21",3,no,no,"Ob 🇹🇷🇬🇷🇦🇱🇲🇦🇮🇹🇱🇧🇲🇰🇵🇰🇷🇴🇵🇹🇹🇭🇩🇿🇦🇫🇦🇿🇧🇬🇭🇷🇽🇰wir alle gehören zusammen 🤲🏼🕊❤️",UCVpOQFqywrv5x_k9hBG75lg,UgwbYNgLi4BOiP76ktN4AaABAg,https://www.youtube.com/watch?v=Sjo5ue9ZTuw&lc=UgwbYNgLi4BOiP76ktN4AaABAg
83,,TheHank1954,"2021-02-25 11:51:10",4,no,no,"Einfach widerlich....",UCyQha8WHcojzpbcc-XdfFTQ,UgxHX2O2KXqMkv2gNsV4AaABAg,https://www.youtube.com/watch?v=Sjo5ue9ZTuw&lc=UgxHX2O2KXqMkv2gNsV4AaABAg
84,,"Sven Plocher","2021-03-05 16:01:55",3,no,no,EKELHAFT,UCfLGee3UbTCtXsL7sFWTtTQ,UgzZYpyft4Um3w2ihXN4AaABAg,https://www.youtube.com/watch?v=Sjo5ue9ZTuw&lc=UgzZYpyft4Um3w2ihXN4AaABAg
85,,"ALMANYA MACERASI","2021-03-10 06:24:05",3,no,no,"Keine Angst bitte wir sind auch Menschen ❤️",UC1LBnQ5mfSfT3nWqw2ZQkYA,UgxbV0eNWy4H0H2SdBN4AaABAg,https://www.youtube.com/watch?v=Sjo5ue9ZTuw&lc=UgxbV0eNWy4H0H2SdBN4AaABAg
86,,"Dieter Schmidt","2021-03-10 15:24:12",25,no,no,"Edeka ihr schafft es jedes Jahr immer und immer wieder mit eurer Werbung mich tief zu berühren !!!
#DankeEDEKA",UC3PihvPy7Cuc93qfstxK87g,Ugx03tNiaFQwmKgOwXd4AaABAg,https://www.youtube.com/watch?v=Sjo5ue9ZTuw&lc=Ugx03tNiaFQwmKgOwXd4AaABAg
87,,"Kevin Böhm","2021-03-18 12:02:24",6,no,no,"Ich muss jedes Mal weinen bei diesem Video 🥺",UCiLk0sVQCLwsl8qXHK4Niug,UgzaZH8FE0mng3xzLCF4AaABAg,https://www.youtube.com/watch?v=Sjo5ue9ZTuw&lc=UgzaZH8FE0mng3xzLCF4AaABAg
88,,"Du Kelb","2021-03-20 21:50:33",6,no,no,"🇹🇷🇩🇪 wir sind und bleiben alles Freunde und Familie Leute !! Schade wieviel Hass  in diese Beziehung gegossen wurde.",UCxjrpVwH_0p9TNXpXrOGl2Q,UgyzbtnfEWKNK0OjBd94AaABAg,https://www.youtube.com/watch?v=Sjo5ue9ZTuw&lc=UgyzbtnfEWKNK0OjBd94AaABAg
89,,"Pertti Laamanen","2021-03-24 17:03:35",1,no,no,"Dünyada en güzel şey dost edinmek",UCaHc4Lb5y3R9uPORBnl03Ug,UgxkGg8FUddr6pZwTVx4AaABAg,https://www.youtube.com/watch?v=Sjo5ue9ZTuw&lc=UgxkGg8FUddr6pZwTVx4AaABAg
90,,"Marlon J.h","2021-03-31 07:47:56",0,no,no,"Tolle werbung kann alle dislikes kein bisschen Verstehen",UCXLZaKUVqWjTa8IeUuvdWvA,Ugzb9WaioNCfBHvWy1Z4AaABAg,https://www.youtube.com/watch?v=Sjo5ue9ZTuw&lc=Ugzb9WaioNCfBHvWy1Z4AaABAg
91,,Svenergy,"2021-04-04 14:14:45",0,no,no,"Der letzte seiner Art. Edeka hat Verstanden an wen sich die Werbung in Zukunft zu richten hat. Alle Themen in einem Spot untergebracht, das ist durchaus große Kunst, die gab es zu jeder Zeit. Gut das Rewe nicht Edeka ist!",UCd6NP5UNUBqHwnDsz5bgZvA,Ugwf0ydHE0RawHHJ8J94AaABAg,https://www.youtube.com/watch?v=Sjo5ue9ZTuw&lc=Ugwf0ydHE0RawHHJ8J94AaABAg
92,,Paul,"2021-04-05 21:26:27",1,no,no,"Ich hab jetzt das dritte Mal geweint. Natürlich nach wie vor super aktuell!",UCN7HbyaeNyx-QKKZC70sOfA,UgytyZt4tOmvY8p99qR4AaABAg,https://www.youtube.com/watch?v=Sjo5ue9ZTuw&lc=UgytyZt4tOmvY8p99qR4AaABAg
93,,"xdr kaymaz","2021-04-09 15:24:08",1,no,no,"Warum tauchen hier plötzlich Türkische Flaggen?",UCtV28NkWiJyeQ12qwOtp4yg,UgzhBPjbYoE0EQSeoMJ4AaABAg,https://www.youtube.com/watch?v=Sjo5ue9ZTuw&lc=UgzhBPjbYoE0EQSeoMJ4AaABAg
94,,"Empires puzzles ELEANOR","2021-04-14 17:36:14",1,no,no,"A world big enough for all of us, death will come anyway, there's no need to break it. Let's try to make each other happy as we live. It's not hard to turn our backs on those who don't want to be happy 😉🇹🇷❤️🇩🇪 sevgiler",UCInQ69AkShC997T-endih7w,Ugxhahr52h_yV-Iy9FV4AaABAg,https://www.youtube.com/watch?v=Sjo5ue9ZTuw&lc=Ugxhahr52h_yV-Iy9FV4AaABAg
95,,"Gordon Dry","2021-04-24 22:24:31",2,no,no,Polemik.,UC2JDDqFDJXTwd9zVuxv58NQ,UgxX7r8mHTHQwMrk7X94AaABAg,https://www.youtube.com/watch?v=Sjo5ue9ZTuw&lc=UgxX7r8mHTHQwMrk7X94AaABAg
96,,"Ünsüz Herif","2021-05-02 22:22:41",0,no,no,"I've never quite understood the Turcophobia in Germany. After all, it was the Germans who invited Turks there.

All in all, great ad.",UCYtMOCslyI83G2Ov-humuhQ,UgyLbHMLbJZjtMwd45d4AaABAg,https://www.youtube.com/watch?v=Sjo5ue9ZTuw&lc=UgyLbHMLbJZjtMwd45d4AaABAg
97,,"M Arslan","2021-05-18 20:06:06",0,no,no,"Ihr habt mich dazu inspiriert, mit dieser Thematik und Eurem Unternehmen ein Kapitel meiner Diplomarbeit zu widmen. Dieser Beitrag hat mich aus diversen Gründen und aus verschiedenen Blickwinkeln sehr bewegt. #dankeEdeka",UCKlyx8jDECnwWahskMzeOXw,UgxAuHknGl8gUMQCc1l4AaABAg,https://www.youtube.com/watch?v=Sjo5ue9ZTuw&lc=UgxAuHknGl8gUMQCc1l4AaABAg
98,,"SERKAN 22/59","2021-05-27 18:48:15",1,no,no,🇩🇪🇹🇷❤❤❤❤😍🤗😢,UCIgEqIX8UWihSflrt-cuY_w,UgwGAFFsTFDj0EY0rvN4AaABAg,https://www.youtube.com/watch?v=Sjo5ue9ZTuw&lc=UgwGAFFsTFDj0EY0rvN4AaABAg
99,,Berkay_bcan,"2021-06-10 11:45:12",1,no,no,"Es ist das beste Werbung den ich jemals in mein leben gesehen hab. Einfach nnur beste, (Übriegens bin Türke und Deutsche)",UC49Pt93IsBZ8fgOcTsVW7Ew,UgwO_a0otmHuzfUGO094AaABAg,https://www.youtube.com/watch?v=Sjo5ue9ZTuw&lc=UgwO_a0otmHuzfUGO094AaABAg
100,,"Musa Erdogan","2021-06-15 11:05:39",0,no,no,"Wünsche der Türkischen und Deutschen  Nationalmannschaften in der EM alles Gute Haut alle raus so damit wir Finale beide stehen..  verdammt kann einfach für zwei Nationalmannschaft feiern ahavga",UCr0O356RPe_q09briyvRd-A,Ugzaim0K45HBwYMyAmt4AaABAg,https://www.youtube.com/watch?v=Sjo5ue9ZTuw&lc=Ugzaim0K45HBwYMyAmt4AaABAg
